sequenceID,sum_diff,mean_diff,max_diff,min_diff,std_deviation,mean,median,variance,min_value,max_value,range_value,iqr,abs_skewness,kurtosis,count,unique_count,percentile_25,percentile_50,percentile_75,autocorr,sqrt_sum_diff,square_sum_diff,log_sum_diff,loglog_sum_diff,sqrt_mean_diff,square_mean_diff,log_mean_diff,loglog_mean_diff,sqrt_max_diff,square_max_diff,log_max_diff,loglog_max_diff,sqrt_min_diff,square_min_diff,log_min_diff,loglog_min_diff,sqrt_std_deviation,square_std_deviation,log_std_deviation,loglog_std_deviation,sqrt_mean,square_mean,log_mean,loglog_mean,sqrt_median,square_median,log_median,loglog_median,sqrt_variance,square_variance,log_variance,loglog_variance,sqrt_min_value,square_min_value,log_min_value,loglog_min_value,sqrt_max_value,square_max_value,log_max_value,loglog_max_value,sqrt_range_value,square_range_value,log_range_value,loglog_range_value,sqrt_iqr,square_iqr,log_iqr,loglog_iqr,sqrt_abs_skewness,square_abs_skewness,log_abs_skewness,loglog_abs_skewness,sqrt_kurtosis,square_kurtosis,log_kurtosis,loglog_kurtosis,sqrt_count,square_count,log_count,loglog_count,sqrt_unique_count,square_unique_count,log_unique_count,loglog_unique_count,sqrt_percentile_25,square_percentile_25,log_percentile_25,loglog_percentile_25,sqrt_percentile_50,square_percentile_50,log_percentile_50,loglog_percentile_50,sqrt_percentile_75,square_percentile_75,log_percentile_75,loglog_percentile_75,sqrt_autocorr,square_autocorr,log_autocorr,loglog_autocorr
H3K27me3_TDH_some/samples/brain/CEMT0022.gDNA/problems/chr10:18024675-38818835,507762,1.0188822358493594,7,1,8.599997263307458,8.592909042385617,7.0,73.95995292889577,0,106,106,7.0,4.008543375911716,24.91022920525664,498353,107,4.0,7.0,11.0,0.992847898326076,712.574206662015,257822248644,13.137768112841352,2.575491144203491,1.009396966435584,1.0381210105293897,0.0187061792100977,-3.978901370661891,2.6457513110645907,49,1.9459101490553128,0.6657298105782764,1.0,1,0.0,0.0,2.932575193120793,73.95995292889576,2.1517618850393485,0.7662869879616564,2.9313664121678165,73.83808581071251,2.15093733319251,0.76590371605948,2.6457513110645907,49.0,1.9459101490553128,0.6657298105782764,8.599997263307458,5470.074637244478,4.303523770078697,1.4594341685216017,0.0,0,-23.025850929940457,0.0,10.295630140987,11236,4.663439094112067,1.53975317897557,10.295630140987,11236,4.663439094112067,1.53975317897557,2.6457513110645907,49.0,1.9459101490553128,0.6657298105782764,2.0021347047368505,16.0684199965657,1.3884279274256623,0.3281721196300897,4.991014847228632,620.5195190584209,3.2152785305668288,1.1679139886389822,705.9412156830057,248355712609,13.11906394024304,2.5740664349526337,10.3440804327886,11449,4.672828834461906,1.5417646344281224,2.0,16.0,1.3862943611198906,0.3266342599782809,2.6457513110645907,49.0,1.9459101490553128,0.6657298105782764,3.3166247903554,121.0,2.3978952727983707,0.874591382923689,0.9964175321250004,0.9857469492105062,-0.0071778005604451,0.0
H3K27me3_TDH_some/samples/brain/CEMT0022.gDNA/problems/chr14:19050000-107289540,1925171,1.018437099769933,35,1,9.67129234949443,8.576761077489525,7.0,93.53389570938948,0,249,249,8.0,4.823669363797713,37.6595941504476,1890320,201,3.0,7.0,11.0,0.994329435958204,1387.5053153051342,3706283379241,14.4705253529276,2.672113846337312,1.0091764463016033,1.0372141261877923,0.0182691970652496,-4.002538857820174,5.916079783099616,1225,3.555348061489413,1.2684529660545276,1.0,1,0.0,0.0,3.10987014994106,93.53389570938948,2.269161945777917,0.8194105764450815,2.9286107760317903,73.56083058033929,2.149056345433926,0.7650288366902794,2.6457513110645907,49.0,1.9459101490553128,0.6657298105782764,9.67129234949443,8748.589646574948,4.538323891555834,1.5125577570050268,0.0,0,-23.025850929940457,0.0,15.7797338380595,62001,5.517452896464707,1.7079163219967186,15.7797338380595,62001,5.517452896464707,1.7079163219967186,2.8284271247461903,64.0,2.079441541679836,0.7320993680864453,2.1962853557308333,23.26778613124063,1.573534917232993,0.4533246280819548,6.136741329928092,1418.2450315764272,3.628587746496684,1.2888435220250811,1374.8890864357022,3573309702400,14.452256684873449,2.67085057432843,14.177446878757824,40401,5.303304908059076,1.6683301937789266,1.7320508075688772,9.0,1.0986122886681098,0.0940478276166991,2.6457513110645907,49.0,1.9459101490553128,0.6657298105782764,3.3166247903554,121.0,2.3978952727983707,0.874591382923689,0.997160687130316,0.98869102721296,-0.0056867027292971,0.0
H3K27me3_TDH_some/samples/brain/CEMT0022.gDNA/problems/chr4:75452279-190000000,1685721,1.0160136021292805,22,1,8.055190747104598,7.125307310416821,5.0,64.88609797223953,0,105,105,7.0,4.359676712335406,28.911917863612462,1659153,106,2.0,5.0,9.0,0.9919139382451244,1298.3531876958596,2841655289841,14.337703923423495,2.662892705435318,1.0079750007461894,1.032283639711716,0.0158867369891928,-4.142270669477097,4.69041575982343,484,3.091042453358316,1.1285083975617491,1.0,1,0.0,0.0,2.838166793390515,64.88609797223954,2.086316696932617,0.7354001652528636,2.6693271269023624,50.7700042678794,1.9636528565111584,0.6748064410056771,2.23606797749979,25.0,1.6094379124341005,0.4758849953271105,8.055190747104598,4210.205710063066,4.172633393865233,1.4285473458128088,0.0,0,-23.025850929940457,0.0,10.246950765959598,11025,4.653960350157523,1.537718545324583,10.246950765959598,11025,4.653960350157523,1.537718545324583,2.6457513110645907,49.0,1.9459101490553128,0.6657298105782764,2.087983886991326,19.00678103607965,1.4723979060648784,0.3868923003978917,5.376980366675376,835.8989945522734,3.36425389293592,1.2132062127870704,1288.0811309851565,2752788677409,14.321817789151654,2.661784094059441,10.295630140987,11236,4.663439094112067,1.53975317897557,1.4142135623730951,4.0,0.6931471805599453,-0.3665129205816643,2.23606797749979,25.0,1.6094379124341005,0.4758849953271105,3.0,81.0,2.19722457733622,0.7871950081766445,0.9959487628613856,0.9838932608849524,-0.0081189312620523,0.0
H3K27me3_TDH_some/samples/brain/CEMT0022.gDNA/problems/chr5:49600000-91636128,707642,1.0174111327731865,6,1,10.184648994183531,8.030599554586194,6.0,103.7270751347236,0,136,136,7.0,4.734096723998256,31.290742819347727,695533,137,3.0,6.0,10.0,0.9949224996616264,841.2145980663911,500757200164,13.469693595074412,2.60044224295304,1.008667999280827,1.0351254130908183,0.017261295722507,-4.059288525315617,2.449489742783178,36,1.791759469228055,0.5831980807826592,1.0,1,0.0,0.0,3.1913396864300627,103.72707513472362,2.3208815860690524,0.8419471074940661,2.833831250195783,64.49052920611999,2.083259189503457,0.7339335854085549,2.449489742783178,36.0,1.791759469228055,0.5831980807826592,10.184648994183531,10759.306116004596,4.641763172138104,1.5350942880540113,0.0,0,-23.025850929940457,0.0,11.6619037896906,18496,4.912654885736052,1.5918145056013675,11.6619037896906,18496,4.912654885736052,1.5918145056013675,2.6457513110645907,49.0,1.9459101490553128,0.6657298105782764,2.1757979510970813,22.41167179217102,1.5547909426528712,0.4413410945691814,5.593812905286315,979.1105861865614,3.4433222972311475,1.236436789394743,833.9862109171829,483766154089,13.452433737099245,2.599160036675141,11.704699910719626,18769,4.919980925828125,1.5933046536324995,1.7320508075688772,9.0,1.0986122886681098,0.0940478276166991,2.449489742783178,36.0,1.791759469228055,0.5831980807826592,3.1622776601683795,100.0,2.302585092994046,0.834032445247956,0.9974580189971036,0.989870780332939,-0.0050904346444214,0.0
H3K27me3_TDH_some/samples/brain/CEMT0023.gDNA/problems/chr10:18024675-38818835,114398,1.007716565951974,5,1,5.544652859158084,3.309743400015856,2.0,30.74317532856992,0,60,60,3.0,4.694134188038587,27.34722396528435,113523,61,1.0,2.0,4.0,0.9833523709893442,338.2277339308532,13086902404,11.647438875257532,2.455086316809879,1.003850868382338,1.0154926772940391,0.0076869455379287,-4.868231773598125,2.23606797749979,25,1.6094379124341005,0.4758849953271105,1.0,1,0.0,0.0,2.3547086569590907,30.74317532856992,1.712834014542885,0.5381493171239885,1.8192700184458208,10.95440137394852,1.1968706637301154,0.1797103703871956,1.4142135623730951,4.0,0.6931471805599453,-0.3665129205816643,5.544652859158084,945.1428292831902,3.42566802908577,1.2312964976839338,0.0,0,-23.025850929940457,0.0,7.745966692414834,3600,4.0943445622221,1.4096066464289525,7.745966692414834,3600,4.0943445622221,1.4096066464289525,1.7320508075688772,9.0,1.0986122886681098,0.0940478276166991,2.1665950678515324,22.034895775312688,1.5463136841609575,0.4358738300759198,5.229457329903778,747.8706586074227,3.3086150233612464,1.1965296798808402,336.9317438295181,12887471529,11.639760738546046,2.454426886984305,7.810249675906654,3721,4.110873864173311,1.4136356249281932,1.0,1.0,0.0,0.0940478276166991,1.4142135623730951,4.0,0.6931471805599453,-0.3665129205816643,2.0,16.0,1.3862943611198906,0.3266342599782809,0.991641251153533,0.9669818855303648,-0.0167877581756432,0.0
H3K27me3_TDH_some/samples/brain/CEMT0023.gDNA/problems/chr14:19050000-107289540,513287,1.0091381117059446,32,1,6.164472416189447,3.902384790814722,2.0,38.00072016996056,0,152,152,3.0,4.723258568046828,38.3834675900512,508640,122,1.0,2.0,4.0,0.9863823305494972,716.4405069508563,263463544369,13.148590421907787,2.576314560627915,1.0045586651390472,1.0183597284974395,0.0090966117921424,-4.699853265325356,5.656854249492381,1024,3.4657359027997265,1.242924991852436,1.0,1,0.0,0.0,2.4828355596352827,38.000720169960566,1.818802555693935,0.5981783481216429,1.975445466423896,15.22860705558206,1.3615878510792223,0.3086515562642807,1.4142135623730951,4.0,0.6931471805599453,-0.3665129205816643,6.164472416189447,1444.0547334356472,3.637605111387869,1.2913255286815883,0.0,0,-23.025850929940457,0.0,12.328828005937952,23104,5.0238805208462765,1.614202647204422,12.328828005937952,23104,5.0238805208462765,1.614202647204422,1.7320508075688772,9.0,1.0986122886681098,0.0940478276166991,2.173305907608689,22.30917150062777,1.5524989359847463,0.4398658494692209,6.195439257231984,1473.2905842365103,3.6476268353792975,1.2940767740464998,713.190016755703,258714649600,13.13949577614463,2.5756226391196333,11.04536101718726,14884,4.804021044733257,1.569453284877013,1.0,1.0,0.0,0.0940478276166991,1.4142135623730951,4.0,0.6931471805599453,-0.3665129205816643,2.0,16.0,1.3862943611198906,0.3266342599782809,0.9931678259737864,0.9729501020202576,-0.0137112403606741,0.0
H3K27me3_TDH_some/samples/brain/CEMT0023.gDNA/problems/chr4:75452279-190000000,535375,1.0078690499722325,10,1,5.204413741663863,3.3079541261605887,2.0,27.08592239441965,0,73,73,3.0,4.806910621357478,31.401568838582087,531196,74,1.0,2.0,4.0,0.9810943210649724,731.69324173454,286626390625,13.190722714917673,2.5795137578678635,1.003926815047906,1.0158000218919303,0.0078382504682126,-4.848739624087212,3.1622776601683795,100,2.302585092994046,0.834032445247956,1.0,1,0.0,0.0,2.281318421804344,27.08592239441965,1.649507062037185,0.5004764929972403,1.8187781959767904,10.942560500782864,1.196329909520123,0.1792584615708269,1.4142135623730951,4.0,0.6931471805599453,-0.3665129205816643,5.204413741663863,733.6471919565239,3.2990141240743696,1.1936236735571857,0.0,0,-23.025850929940457,0.0,8.54400374531753,5329,4.290459441148391,1.4563938230443614,8.54400374531753,5329,4.290459441148391,1.4563938230443614,1.7320508075688772,9.0,1.0986122886681098,0.0940478276166991,2.192466789111634,23.10638972171933,1.5700545953038645,0.4511103928345069,5.603710274325581,986.0585255242096,3.4468578546782664,1.237463049283302,728.8319422198783,282169190416,13.182886346995527,2.5789194995595404,8.602325267042627,5476,4.30406509320417,1.4595599466308458,1.0,1.0,0.0,0.0940478276166991,1.4142135623730951,4.0,0.6931471805599453,-0.3665129205816643,2.0,16.0,1.3862943611198906,0.3266342599782809,0.9905020550533816,0.9625460668259392,-0.019086676164095,0.0
H3K27me3_TDH_some/samples/brain/CEMT0023.gDNA/problems/chr5:49600000-91636128,215076,1.0087992495309568,6,1,6.319084786483744,3.701108343769495,2.0,39.93083253877031,0,70,70,3.0,4.6324769565910175,26.284937959501327,213201,71,1.0,2.0,4.0,0.9871419707241122,463.7628704413496,46257685776,12.278746733019595,2.507869859939074,1.004389988764801,1.0176759258542216,0.008760761745771,-4.737472420534602,2.449489742783178,36,1.791759469228055,0.5831980807826592,1.0,1,0.0,0.0,2.513778985210065,39.930832538770304,1.8435743854072275,0.6117062879768673,1.923826484839393,13.698202972320177,1.3086323271634592,0.2689825667732069,1.4142135623730951,4.0,0.6931471805599453,-0.3665129205816643,6.319084786483744,1594.471387239318,3.687148770814455,1.3048534685368127,0.0,0,-23.025850929940457,0.0,8.366600265340756,4900,4.248495242049359,1.4465648595477707,8.366600265340756,4900,4.248495242049359,1.4465648595477707,1.7320508075688772,9.0,1.0986122886681098,0.0940478276166991,2.152318971851296,21.459842753346777,1.533091704872727,0.4272864186306551,5.126883844939471,690.8979635348338,3.2689960739681245,1.1844829267527088,461.7369380935426,45454666401,12.269990661694344,2.507156497654425,8.426149773176359,5041,4.262679877041316,1.4498980416116356,1.0,1.0,0.0,0.0940478276166991,1.4142135623730951,4.0,0.6931471805599453,-0.3665129205816643,2.0,16.0,1.3862943611198906,0.3266342599782809,0.9935501853072708,0.974449270365084,-0.0129414092401342,0.0
H3K27me3_TDH_some/samples/hematopoietic/CEMT0031.gDNA/problems/chr10:18024675-38818835,334033,1.034029841505696,6,1,12.509341225775124,11.068743596014128,7.0,156.48361790287709,0,115,115,11.0,2.378999170859256,7.304327550307902,323041,116,3.0,7.0,14.0,0.9964670091103331,577.9558806691043,111578045089,12.718995069473412,2.543096550818782,1.016872578795247,1.069217713124295,0.0334636359267476,-3.3972959244511576,2.449489742783178,36,1.791759469228055,0.5831980807826592,1.0,1,0.0,0.0,3.536854708038644,156.48361790287709,2.5264756632821013,0.92682531312164,3.326972136344717,122.51708479430376,2.4041252439843337,0.8771861134790994,2.6457513110645907,49.0,1.9459101490553128,0.6657298105782764,12.509341225775124,24487.12267197364,5.0529513265642025,1.6199724936815854,0.0,0,-23.025850929940457,0.0,10.723805294763608,13225,4.74493212836325,1.557077128137304,10.723805294763608,13225,4.74493212836325,1.557077128137304,3.3166247903554,121.0,2.3978952727983707,0.874591382923689,1.5424004573583527,5.659637054949028,0.866679882795857,-0.143085594377109,2.70265194768174,53.35320096218704,1.9884669876195529,0.6873639838780898,568.366958927065,104355487681,12.68553452913375,2.540462330841698,10.770329614269007,13456,4.7535901911063645,1.5589001622577283,1.7320508075688772,9.0,1.0986122886681098,0.0940478276166991,2.6457513110645907,49.0,1.9459101490553128,0.6657298105782764,3.741657386773941,196.0,2.6390573296152584,0.9704217812773648,0.9982319415398072,0.9929465002452929,-0.0035392466406671,0.0
H3K27me3_TDH_some/samples/hematopoietic/CEMT0031.gDNA/problems/chr14:19050000-107289540,1534796,1.0390504727461791,60,1,15.84405276164008,13.706317382194346,8.0,251.03400791363453,0,358,358,15.0,2.5373784781099844,11.960750962711357,1477115,238,3.0,8.0,18.0,0.9977412765661254,1238.8688389010356,2355598761616,14.243908031148775,2.656329308721616,1.0193382523707128,1.0796258849140583,0.038307289133723,-3.2621150840960937,7.745966692414834,3600,4.0943445622221,1.4096066464289525,1.0,1,0.0,0.0,3.980458863201589,251.03400791363467,2.76279420982482,1.0162425624670637,3.70220439497799,187.86313618144283,2.617856849337547,0.9623559865953126,2.8284271247461903,64.0,2.079441541679836,0.7320993680864453,15.844052761640077,63018.07312918272,5.525588419649639,1.7093897430270086,0.0,0,-23.025850929940457,0.0,18.920887928424506,128164,5.8805329864007,1.7716474017483186,18.920887928424506,128164,5.8805329864007,1.7716474017483186,3.872983346207417,225.0,2.70805020110221,0.9962288929513948,1.5929150881669696,6.438289541175741,0.9311314528211178,-0.0713548163756057,3.4584318646911862,143.05956359200064,2.481630536075667,0.9089158183594616,1215.3661999578562,2181868723225,14.20560141901064,2.653636352953416,15.427248620541512,56644,5.472270673671475,1.6996936443146262,1.7320508075688772,9.0,1.0986122886681098,0.0940478276166991,2.8284271247461903,64.0,2.079441541679836,0.7320993680864453,4.242640687119285,324.0,2.8903717578961645,1.0613851298016763,0.9988699998328738,0.9954876549638016,-0.0022612781973777,0.0
H3K27me3_TDH_some/samples/hematopoietic/CEMT0031.gDNA/problems/chr3:60000-66170270,926758,1.0284855008933624,15,1,12.730680030768216,10.37413313416736,6.0,162.0702140458006,0,108,108,9.0,2.561318454448933,7.728578430520251,901091,109,3.0,6.0,12.0,0.996640226487206,962.6827099309512,858880390564,13.73944775329296,2.62027109335858,1.0141427418728404,1.0577824255478707,0.0280873326788496,-3.572436598627743,3.872983346207417,225,2.70805020110221,0.9962288929513948,1.0,1,0.0,0.0,3.5680078518366822,162.0702140458006,2.544014830684429,0.9337434751324356,3.220890115196009,107.6226382854291,2.3393155092927214,0.8498583691817785,2.449489742783178,36.0,1.791759469228055,0.5831980807826592,12.730680030768216,26266.754280851623,5.088029661368857,1.6268906556923806,0.0,0,-23.025850929940457,0.0,10.392304845413264,11664,4.68213122712422,1.5437533966819692,10.392304845413264,11664,4.68213122712422,1.5437533966819692,3.0,81.0,2.19722457733622,0.7871950081766445,1.6004119639795664,6.560352225100671,0.94052214718265,-0.0613200822113976,2.78003209163496,59.73092455670287,2.044924942779,0.7153610860236458,949.2581313847146,811964990281,13.711361530380552,2.6182247979344506,10.44030650891055,11881,4.691347882229144,1.5457199360997629,1.7320508075688772,9.0,1.0986122886681098,0.0940478276166991,2.449489742783178,36.0,1.791759469228055,0.5831980807826592,3.4641016151377544,144.0,2.4849066497880004,0.910235093365326,0.99831869985852,0.9932917410524692,-0.0033654302255589,0.0
H3K27me3_TDH_some/samples/hematopoietic/CEMT0031.gDNA/problems/chr3:93504854-194041961,1089168,1.029579053141339,33,1,12.810348354001135,10.312744947905149,6.0,164.1050249508596,0,175,175,11.0,2.8651931134364954,11.64537754176525,1057878,175,2.0,6.0,13.0,0.9966686637107646,1043.6321190917804,1186286932224,13.90092465998916,2.6319553602255144,1.0146817496837808,1.060033026667416,0.0291500324360052,-3.535299253458801,5.744562646538029,1089,3.49650756146648,1.251764630741022,1.0,1,0.0,0.0,3.5791546982494533,164.1050249508596,2.55025330944999,0.9361926912759498,3.211346282776921,106.35270836054316,2.3333805039028483,0.8473180761412274,2.449489742783178,36.0,1.791759469228055,0.5831980807826592,12.810348354001135,26930.45921412225,5.100506618899981,1.6293398718358951,0.0,0,-23.025850929940457,0.0,13.228756555322953,30625,5.1647859739235145,1.641863663944111,13.228756555322953,30625,5.1647859739235145,1.641863663944111,3.3166247903554,121.0,2.3978952727983707,0.874591382923689,1.6926881323612142,8.209331577283917,1.0526357522359684,0.0512972590038614,3.4125324235478334,135.61481809025045,2.454909323743797,0.8980898252257818,1028.5319635286012,1119105862884,13.87177557284219,2.629856241478983,13.228756555322953,30625,5.1647859739235145,1.641863663944111,1.4142135623730951,4.0,0.6931471805599453,-0.3665129205816643,2.449489742783178,36.0,1.791759469228055,0.5831980807826592,3.605551275463989,169.0,2.5649493574615367,0.9419387347481112,0.9983329423147193,0.9933484252230012,-0.0033368975443469,0.0
H3K27me3_TDH_some/samples/hematopoietic/CEMT0031.gDNA/problems/chr4:75452279-190000000,1051620,1.030548377328759,16,1,12.687703169052474,10.09120797924049,6.0,160.97781170598418,0,184,184,11.0,3.0053011462037427,12.876884743111328,1020448,180,2.0,6.0,13.0,0.9965972543151532,1025.4852509909638,1105904624400,13.865842390295276,2.62942843382475,1.0151592866780852,1.0620299580149382,0.0300910657377466,-3.5035269706308534,4.0,256,2.772588722239781,1.0197814405382262,1.0,1,0.0,0.0,3.5619802314235933,160.9778117059842,2.540633269998127,0.9324133688525544,3.1766661737174227,101.83247848028694,2.311664547639686,0.8379678484319433,2.449489742783178,36.0,1.791759469228055,0.5831980807826592,12.687703169052474,25913.8558616473,5.081266539996254,1.6255605494124996,0.0,0,-23.025850929940457,0.0,13.564659966250536,33856,5.214935757608986,1.6515267696058114,13.564659966250536,33856,5.214935757608986,1.6515267696058114,3.3166247903554,121.0,2.3978952727983707,0.874591382923689,1.733580441226695,9.03183497937353,1.1003777780088215,0.0956535553976518,3.5884376465408074,165.8141606873733,2.5554338236506213,0.9382220032347148,1010.1722625374348,1041314120704,13.835752304519753,2.6272559886683435,13.41640786499874,32400,5.19295685089021,1.6473032557366176,1.4142135623730951,4.0,0.6931471805599453,-0.3665129205816643,2.449489742783178,36.0,1.791759469228055,0.5831980807826592,3.605551275463989,169.0,2.5649493574615367,0.9419387347481112,0.9982971773550966,0.9932060873085022,-0.0034085481906516,0.0
H3K27me3_TDH_some/samples/hematopoietic/CEMT0031.gDNA/problems/chr4:9324642-31820917,221756,1.0306370954248851,13,1,14.127980028815688,10.1019821997072,6.0,199.5998196946149,0,113,113,10.0,3.248486840981088,12.619472593234052,215165,114,2.0,6.0,12.0,0.9972503651302588,470.9097578092856,49175723536,12.30933295730296,2.5103577516691296,1.015202982375882,1.0622128224658438,0.0301771502724512,-3.5006702544727544,3.605551275463989,169,2.5649493574615367,0.9419387347481112,1.0,1,0.0,0.0,3.758720530821052,199.5998196946149,2.6481572302716816,0.9738640133028345,3.178361558996585,102.05004436320112,2.3127316619880025,0.8384293635439208,2.449489742783178,36.0,1.791759469228055,0.5831980807826592,14.127980028815688,39840.08802212278,5.296314460543363,1.6670111938627796,0.0,0,-23.025850929940457,0.0,10.63014581273465,12769,4.727387818712341,1.553372791752763,10.63014581273465,12769,4.727387818712341,1.553372791752763,3.1622776601683795,100.0,2.302585092994046,0.834032445247956,1.8023559140694403,10.552666756027287,1.1781893005317488,0.163978768865564,3.5523897017689445,159.25108853138536,2.5352410648954145,0.930288727155238,463.8588147270676,46295977225,12.27916045463734,2.507903553495664,10.677078252031311,12996,4.736198448394496,1.55523479881416,1.4142135623730951,4.0,0.6931471805599453,-0.3665129205816643,2.449489742783178,36.0,1.791759469228055,0.5831980807826592,3.4641016151377544,144.0,2.4849066497880004,0.910235093365326,0.9986242362021156,0.9945082907524344,-0.0027534220595521,0.0
H3K27me3_TDH_some/samples/hematopoietic/CEMT0031.gDNA/problems/chr5:49600000-91636128,378238,1.0335698846573194,7,1,15.83540631158291,11.241565879864682,6.0,250.76009305291987,0,134,134,11.0,2.8311625034756496,9.605674578126852,365954,135,2.0,6.0,13.0,0.9977959829797955,615.0105690148747,143063984644,12.84327890609778,2.5528206321798543,1.0166463911593446,1.0682667064705444,0.0330187172607757,-3.4106806885864738,2.6457513110645907,49,1.9459101490553128,0.6657298105782764,1.0,1,0.0,0.0,3.9793726027582426,250.76009305291984,2.762248338744642,1.0160449635971345,3.352844446118054,126.3728034313378,2.4196181479175896,0.8836097376017263,2.449489742783178,36.0,1.791759469228055,0.5831980807826592,15.83540631158291,62880.62426790904,5.524496677489284,1.7091921441570797,0.0,0,-23.025850929940457,0.0,11.575836902790224,17956,4.897839799950911,1.5887942507576207,11.575836902790224,17956,4.897839799950911,1.5887942507576207,3.3166247903554,121.0,2.3978952727983707,0.874591382923689,1.6826058669443802,8.015481121086507,1.040687405922013,0.039881462043351,3.099302272790902,92.26898410087249,2.2623540257300965,0.816405875496181,604.9413194682605,133922330116,12.810262921424616,2.550246640399389,11.61895003862225,18225,4.90527477843843,1.590311111517258,1.4142135623730951,4.0,0.6931471805599453,-0.3665129205816643,2.449489742783178,36.0,1.791759469228055,0.5831980807826592,3.605551275463989,169.0,2.5649493574615367,0.9419387347481112,0.9988973836084444,0.9955968236506164,-0.002206449440438,0.0
H3K27me3_TDH_some/samples/hematopoietic/CEMT0032.gDNA/problems/chr10:18024675-38818835,425326,1.0249856611994468,6,1,10.740215729294428,9.659737468039012,7.0,115.35223391178346,0,92,92,7.0,3.2778434529617373,13.719095387905975,414959,93,4.0,7.0,11.0,0.9953319419806892,652.1702231779675,180902206276,12.960611212690818,2.561914851285118,1.0124157551122202,1.0505956056644672,0.024678623418813,-3.7018178586961374,2.449489742783178,36,1.791759469228055,0.5831980807826592,1.0,1,0.0,0.0,3.2772268351907576,115.35223391178346,2.37399517540547,0.864574263921498,3.1080118191601223,93.31052795143674,2.267966470633485,0.8188836020849232,2.6457513110645907,49.0,1.9459101490553128,0.6657298105782764,10.740215729294428,13306.137868438806,4.74799035081094,1.5577214444814431,0.0,0,-23.025850929940457,0.0,9.591663046625438,8464,4.5217885770490405,1.5089076184613552,9.591663046625438,8464,4.5217885770490405,1.5089076184613552,2.6457513110645907,49.0,1.9459101490553128,0.6657298105782764,1.8104815527813969,10.744257702124123,1.187185722305628,0.1715855669988471,3.7039297223227625,188.213578262463,2.618788686297914,0.9627118773898532,644.1731133786942,172190971681,12.935934999151549,2.5600090974594254,9.643650760992957,8649,4.532599493153256,1.511295614460169,2.0,16.0,1.3862943611198906,0.3266342599782809,2.6457513110645907,49.0,1.9459101490553128,0.6657298105782764,3.3166247903554,121.0,2.3978952727983707,0.874591382923689,0.9976632407684916,0.99068567472705,-0.0046789874281538,0.0
H3K27me3_TDH_some/samples/hematopoietic/CEMT0032.gDNA/problems/chr14:19050000-107289540,2204141,1.0313126544355071,10,1,12.828788699692662,12.824143513536276,9.0,164.57781950136217,0,133,133,11.0,2.5285939731221467,8.179342298119114,2137220,134,5.0,9.0,16.0,0.9966684388645736,1484.634971971225,4858237547881,14.605848421800308,2.681422025340447,1.0155356490224787,1.0636057911988115,0.0308324126374431,-3.4791887839849465,3.1622776601683795,100,2.302585092994046,0.834032445247956,1.0,1,0.0,0.0,3.5817298473911543,164.57781950136214,2.5516917626110747,0.9367565755118176,3.58108133299654,164.45865685577454,2.551329606256507,0.9366146374994136,3.0,81.0,2.19722457733622,0.7871950081766445,12.828788699692662,27085.858671822945,5.10338352522215,1.6299037560717629,0.0,0,-23.025850929940457,0.0,11.532562594670797,17689,4.890349128221754,1.5872636973025485,11.532562594670797,17689,4.890349128221754,1.5872636973025485,3.3166247903554,121.0,2.3978952727983707,0.874591382923689,1.5901553298725717,6.393787480909643,0.9276634064087363,-0.0750863206018903,2.859954946868764,66.90164042980047,2.101611743729189,0.7427045473680552,1461.9233906056777,4567709328400,14.575016477060522,2.679308862737497,11.575836902790224,17956,4.897839799950911,1.5887942507576207,2.23606797749979,25.0,1.6094379124341005,0.4758849953271105,3.0,81.0,2.19722457733622,0.7871950081766445,4.0,256.0,2.772588722239781,1.0197814405382262,0.9983328297038888,0.9933479770287462,-0.0033371231421052,0.0
H3K27me3_TDH_some/samples/hematopoietic/CEMT0032.gDNA/problems/chr3:60000-66170270,1498671,1.0257001478318002,8,1,10.368278518888804,10.5570182072532,8.0,107.50119944525102,0,98,98,9.0,2.828605042626195,10.686375329021534,1461121,99,4.0,8.0,13.0,0.9949818764393434,1224.2021891828165,2246014766241,14.220089273342449,2.6546557023682187,1.0127685559059385,1.0520607932621768,0.0253754504589357,-3.673973089701468,2.8284271247461903,64,2.079441541679836,0.7320993680864453,1.0,1,0.0,0.0,3.2199811364181627,107.50119944525102,2.338751002567857,0.8496170272828665,3.2491565378191924,111.45063342827558,2.356790871667736,0.857300893529546,2.8284271247461903,64.0,2.079441541679836,0.7320993680864453,10.368278518888804,11556.507882167638,4.677502005135714,1.542764207842812,0.0,0,-23.025850929940457,0.0,9.899494936611664,9604,4.584967478670572,1.5227830126997552,9.899494936611664,9604,4.584967478670572,1.5227830126997552,3.0,81.0,2.19722457733622,0.7871950081766445,1.6818457249778278,8.001006487170338,1.0397836723313003,0.0390126841429976,3.2690021916513814,114.19861767272008,2.3689695963533097,0.862455091136213,1208.768381452791,2134874576641,14.194714507289762,2.652869677520481,9.9498743710662,9801,4.59511985013459,1.524994838195378,2.0,16.0,1.3862943611198906,0.3266342599782809,2.8284271247461903,64.0,2.079441541679836,0.7320993680864453,3.605551275463989,169.0,2.5649493574615367,0.9419387347481112,0.9974877826015432,0.9899889344427568,-0.0050307566232584,0.0
H3K27me3_TDH_some/samples/hematopoietic/CEMT0032.gDNA/problems/chr3:93504854-194041961,1631228,1.0261031583330764,7,1,11.300787856506297,10.39802683722791,7.0,127.70780617776018,0,120,120,8.0,2.9419644485848675,11.246119763757452,1589732,121,4.0,7.0,12.0,0.9957704792708072,1277.195364852222,2660904787984,14.304843663372155,2.6605981976322983,1.0129675011238397,1.0528876915411145,0.025768285878635,-3.658610772687124,2.6457513110645907,49,1.9459101490553128,0.6657298105782764,1.0,1,0.0,0.0,3.3616644473394865,127.70780617776018,2.4248724451025585,0.8857789230483124,3.224597158906506,108.11896210771184,2.341616060957223,0.8508413153390574,2.6457513110645907,49.0,1.9459101490553128,0.6657298105782764,11.300787856506297,16309.28375873636,4.849744890205117,1.5789261036082578,0.0,0,-23.025850929940457,0.0,10.954451150103322,14400,4.787491742782046,1.5660066297600124,10.954451150103322,14400,4.787491742782046,1.5660066297600124,2.8284271247461903,64.0,2.079441541679836,0.7320993680864453,1.7152155691296844,8.655154816737264,1.0790775380086348,0.076106544684514,3.3535234848972584,126.47520974077597,2.420023159267106,0.8837771100678888,1260.8457479009874,2527247831824,14.279076006530564,2.658795249392921,11.0,14641,4.795790545596741,1.5677385634836345,2.0,16.0,1.3862943611198906,0.3266342599782809,2.6457513110645907,49.0,1.9459101490553128,0.6657298105782764,3.4641016151377544,144.0,2.4849066497880004,0.910235093365326,0.9978829987883384,0.9915588473872132,-0.0042384904526809,0.0
H3K27me3_TDH_some/samples/hematopoietic/CEMT0032.gDNA/problems/chr4:75452279-190000000,1360304,1.0243360999287645,5,1,11.378176942092514,9.196285807014675,6.0,129.46291052556575,0,104,104,8.0,3.303700671014069,13.002476318924924,1327987,105,3.0,6.0,11.0,0.9958490624476446,1166.3207106109369,1850426972416,14.123218762145022,2.647820163745693,1.0120949065817713,1.0492644456172715,0.0240446953507505,-3.7278408742953246,2.23606797749979,25,1.6094379124341005,0.4758849953271105,1.0,1,0.0,0.0,3.3731553391583544,129.46291052556575,2.431697217454901,0.8885894569514591,3.0325378492303563,84.57167264429955,2.2187996859106565,0.7969663676407281,2.449489742783178,36.0,1.791759469228055,0.5831980807826592,11.378176942092514,16760.64520175064,4.863394434909802,1.5817366375114044,0.0,0,-23.025850929940457,0.0,10.198039027185567,10816,4.6443908991413725,1.535660233235027,10.198039027185567,10816,4.6443908991413725,1.535660233235027,2.8284271247461903,64.0,2.079441541679836,0.7320993680864453,1.8176085032300189,10.914438123658808,1.1950432556146198,0.1781823818954181,3.605894662760536,169.06439042420342,2.565139825392517,0.9420129899605562,1152.383182799888,1763549472169,14.099174819813976,2.6461162722541123,10.246950765959598,11025,4.653960350157523,1.537718545324583,1.7320508075688772,9.0,1.0986122886681098,0.0940478276166991,2.449489742783178,36.0,1.791759469228055,0.5831980807826592,3.3166247903554,121.0,2.3978952727983707,0.874591382923689,0.9979223729567568,0.9917153551778528,-0.0041595766087141,0.0
H3K27me3_TDH_some/samples/hematopoietic/CEMT0032.gDNA/problems/chr4:9324642-31820917,314322,1.0249552449057453,5,1,12.424826342834706,9.855232008347736,7.0,154.37630964959925,0,135,135,8.0,3.5628709312528506,16.306956995315232,306670,136,3.0,7.0,11.0,0.9965124349224777,560.644272243996,98798319684,12.658173217154324,2.5383031106609937,1.0124007333589526,1.0505332540597965,0.0246489481305028,-3.7030210515944737,2.23606797749979,25,1.6094379124341005,0.4758849953271105,1.0,1,0.0,0.0,3.5248867134753006,154.37630964959925,2.519696595453207,0.9241384956451552,3.139304382876521,97.12559793836176,2.288002482524195,0.8276791585362788,2.6457513110645907,49.0,1.9459101490553128,0.6657298105782764,12.424826342834706,23832.04498102895,5.039393190906414,1.6172856762051009,0.0,0,-23.025850929940457,0.0,11.61895003862225,18225,4.90527477843843,1.590311111517258,11.61895003862225,18225,4.90527477843843,1.590311111517258,2.8284271247461903,64.0,2.079441541679836,0.7320993680864453,1.887556868349362,12.694049272766554,1.27056666122798,0.2394629909006586,4.038187340294558,265.9168464470604,2.7915918262839803,1.0266119801883755,553.7779338326872,94046488900,12.633527529863258,2.5363541950591126,11.6619037896906,18496,4.912654885736052,1.5918145056013675,1.7320508075688772,9.0,1.0986122886681098,0.0940478276166991,2.6457513110645907,49.0,1.9459101490553128,0.6657298105782764,3.3166247903554,121.0,2.3978952727983707,0.874591382923689,0.9982546944154472,0.9930370329551252,-0.0034936608095755,0.0
H3K27me3_TDH_some/samples/hematopoietic/CEMT0032.gDNA/problems/chr5:49600000-91636128,578468,1.0279617509547156,6,1,13.57323393595648,10.723066315523852,7.0,184.23267948020063,0,103,103,9.0,2.7958302032133284,8.58244105464218,562734,104,3.0,7.0,12.0,0.9970511375973417,760.5708382524274,334625227024,13.268138508614866,2.585365560328996,1.0138844860015936,1.0567053614258848,0.0275779590982722,-3.5907384086925496,2.449489742783178,36,1.791759469228055,0.5831980807826592,1.0,1,0.0,0.0,3.684187011534089,184.23267948020063,2.6080997605578906,0.9586218950804846,3.274609337848387,114.98415120712228,2.372397151637784,0.8639009003569388,2.6457513110645907,49.0,1.9459101490553128,0.6657298105782764,13.57323393595648,33941.68018845434,5.216199521115781,1.6517690756404295,0.0,0,-23.025850929940457,0.0,10.14889156509222,10609,4.634728988229636,1.533577726591972,10.14889156509222,10609,4.634728988229636,1.533577726591972,3.0,81.0,2.19722457733622,0.7871950081766445,1.6720736237418878,7.8166665251998815,1.0281290940630412,0.0277407370310669,2.929580354699659,73.65829445640757,2.149718378238992,0.7653368466944575,750.1559837793737,316669554756,13.240562326556702,2.5832850214012737,10.198039027185567,10816,4.6443908991413725,1.535660233235027,1.7320508075688772,9.0,1.0986122886681098,0.0940478276166991,2.6457513110645907,49.0,1.9459101490553128,0.6657298105782764,3.4641016151377544,144.0,2.4849066497880004,0.910235093365326,0.9985244802193592,0.9941109709841532,-0.0029532188639043,0.0
H3K27me3_TDH_some/samples/ips/MS032901/problems/chr10:18024675-38818835,706468,1.1432575496445463,16,1,10.356457877165894,4.751294615693332,2.0,107.2562197615115,0,128,128,3.0,4.849531692353736,26.365259496730403,617944,97,1.0,2.0,4.0,0.9931110952238088,840.5165078688223,499097035024,13.468033186379584,2.6003189653869403,1.0692322243762329,1.3070378248192522,0.1338816872031901,-2.0107988003641464,4.0,256,2.772588722239781,1.0197814405382262,1.0,1,0.0,0.0,3.2181450988365787,107.2562197615115,2.3376102746204586,0.8491291573761556,2.179746456745218,22.574800525116444,1.558417131583643,0.4436706469050295,1.4142135623730951,4.0,0.6931471805599453,-0.3665129205816643,10.356457877165894,11503.89667752965,4.675220549240917,1.5422763379361009,0.0,0,-23.025850929940457,0.0,11.31370849898476,16384,4.852030263919617,1.5793972284736488,11.31370849898476,16384,4.852030263919617,1.5793972284736488,1.7320508075688772,9.0,1.0986122886681098,0.0940478276166991,2.202165228213754,23.51795763514329,1.578882142009761,0.4567170915819461,5.134711237911087,695.1269083299327,3.2720472154043323,1.1854158487721855,786.0941419448436,381854787136,13.33415311744732,2.590328647364324,9.848857801796104,9409,4.574710978503383,1.520543522634296,1.0,1.0,0.0,0.0940478276166991,1.4142135623730951,4.0,0.6931471805599453,-0.3665129205816643,2.0,16.0,1.3862943611198906,0.3266342599782809,0.9965495949644496,0.986269647456633,-0.0069127428224671,0.0
H3K27me3_TDH_some/samples/ips/MS032901/problems/chr14:19050000-107289540,3054474,1.1462464565315778,75,1,10.38455798342417,4.918170959293565,2.0,107.83904451109863,0,164,164,3.0,5.09654564696856,31.31080907322859,2664763,130,1.0,2.0,4.0,0.9930464614478092,1747.7053527411306,9329811416676,14.932117959004302,2.7035144607669355,1.0706290004159134,1.313880939111198,0.1364926532263571,-1.9914844883231368,8.660254037844387,5625,4.31748811353631,1.4626737779454593,1.0,1,0.0,0.0,3.22250802689833,107.83904451109866,2.340319893439499,0.8502876266241911,2.2176949653398155,24.188405584838588,1.5929367051445895,0.4655792970215117,1.4142135623730951,4.0,0.6931471805599453,-0.3665129205816643,10.384557983424168,11629.259521066711,4.680639786878998,1.5434348071841364,0.0,0,-23.025850929940457,0.0,12.806248474865695,26896,5.099866427824199,1.6292143487645936,12.806248474865695,26896,5.099866427824199,1.6292143487645936,1.7320508075688772,9.0,1.0986122886681098,0.0940478276166991,2.257553021961735,25.97477753163418,1.6285629861188533,0.4876980223695921,5.595606229286385,980.3667648201738,3.4439633757335635,1.2366229522852366,1632.4101812963554,7100961846169,14.79562568104591,2.6943315749914936,11.40175425099138,16900,4.867534450455582,1.582587535887981,1.0,1.0,0.0,0.0940478276166991,1.4142135623730951,4.0,0.6931471805599453,-0.3665129205816643,2.0,16.0,1.3862943611198906,0.3266342599782809,0.996517165656372,0.9861412745940152,-0.0069778270609308,0.0
H3K27me3_TDH_some/samples/ips/MS032901/problems/chr3:60000-66170270,2252148,1.1295009057480396,33,1,6.882997803771193,3.738660225794949,2.0,47.37565876671906,0,115,115,3.0,5.9582863910784045,44.88689219083365,1993933,88,1.0,2.0,4.0,0.9849312881678796,1500.715829196187,5072170613904,14.627394985442864,2.682896139399168,1.0627798011573422,1.275772296085642,0.1217758588273609,-2.105573146739069,5.744562646538029,1089,3.49650756146648,1.251764630741022,1.0,1,0.0,0.0,2.6235467984717165,47.37565876671907,1.9290542843360068,0.6570298747075259,1.9335615391796943,13.977580283941135,1.3187273188502482,0.2766671191182204,1.4142135623730951,4.0,0.6931471805599453,-0.3665129205816643,6.882997803771193,2244.453043580605,3.858108568672013,1.350177055267471,0.0,0,-23.025850929940457,0.0,10.723805294763608,13225,4.74493212836325,1.557077128137304,10.723805294763608,13225,4.74493212836325,1.557077128137304,1.7320508075688772,9.0,1.0986122886681098,0.0940478276166991,2.4409601371342395,35.50117671811012,1.784782921460519,0.5792967952090271,6.699768069928514,2014.833090551523,3.804145818738356,1.336091476950124,1412.066924759588,3975768808489,14.505619628136994,2.674536134905505,9.38083151964686,7744,4.477336814478207,1.4990284086108945,1.0,1.0,0.0,0.0940478276166991,1.4142135623730951,4.0,0.6931471805599453,-0.3665129205816643,2.0,16.0,1.3862943611198906,0.3266342599782809,0.9924370449393148,0.9700896424120388,-0.0151833984484633,0.0
H3K27me3_TDH_some/samples/ips/MS032901/problems/chr3:93504854-194041961,3134393,1.1327299851036134,49,1,8.101841580767841,3.8199529112451054,2.0,65.63983699985876,0,122,122,3.0,6.270825475014549,47.72765990696888,2767115,93,1.0,2.0,4.0,0.9890350989652138,1770.4217011774342,9824419478449,14.957946092887632,2.705242669864575,1.0642978836320278,1.2830772191528323,0.1246306351118214,-2.082400835178168,7.0,2401,3.8918202981106265,1.3588769911382217,1.0,1,0.0,0.0,2.8463734085266887,65.63983699985876,2.0920913914873647,0.7381642314278918,1.954469982180618,14.592040244129956,1.34023809564332,0.2928472814949197,1.4142135623730951,4.0,0.6931471805599453,-0.3665129205816643,8.101841580767841,4308.588201368027,4.184182782974729,1.431311411987837,0.0,0,-23.025850929940457,0.0,11.04536101718726,14884,4.804021044733257,1.569453284877013,11.04536101718726,14884,4.804021044733257,1.569453284877013,1.7320508075688772,9.0,1.0986122886681098,0.0940478276166991,2.504161631168114,39.32325213809144,1.8359080006863733,0.6075391823842029,6.908520819029851,2277.929520195285,3.865511102096839,1.3520939118727906,1663.4647576669606,7656925423225,14.833315819163095,2.69687571977281,9.643650760992957,8649,4.532599493153256,1.511295614460169,1.0,1.0,0.0,0.0940478276166991,1.4142135623730951,4.0,0.6931471805599453,-0.3665129205816643,2.0,16.0,1.3862943611198906,0.3266342599782809,0.9945024378880194,0.9781904269851304,-0.0110254586411146,0.0
H3K27me3_TDH_some/samples/ips/MS032901/problems/chr4:75452279-190000000,3417393,1.1394276309932685,31,1,10.106194159097813,4.301720780736325,2.0,102.13516038138276,0,130,130,2.0,5.388003137865224,32.51945443256119,2999220,99,1.0,2.0,3.0,0.992826035245115,1848.619214440876,11678574916449,15.044388537653369,2.711005067026338,1.0674397552055426,1.298295326270932,0.1305260582469223,-2.0361823920997524,5.5677643628300215,961,3.4339872044851463,1.2337220363428747,1.0,1,0.0,0.0,3.1790240891031027,102.13516038138276,2.313148518944991,0.8386095917131825,2.074059010909845,18.504801675418737,1.4590151242148168,0.3777616356382685,1.4142135623730951,4.0,0.6931471805599453,-0.3665129205816643,10.106194159097813,10431.59098613078,4.626297037889982,1.5317567722731278,0.0,0,-23.025850929940457,0.0,11.40175425099138,16900,4.867534450455582,1.582587535887981,11.40175425099138,16900,4.867534450455582,1.582587535887981,1.4142135623730951,4.0,0.6931471805599453,-0.3665129205816643,2.321207258705096,29.030577813645497,1.684174840928279,0.5212757352099787,5.702583136839058,1057.5149165914236,3.481838508172378,1.2475604612274862,1731.825626326161,8995320608400,14.913862812826524,2.7022911705293784,9.9498743710662,9801,4.59511985013459,1.524994838195378,1.0,1.0,0.0,0.0940478276166991,1.4142135623730951,4.0,0.6931471805599453,-0.3665129205816643,1.7320508075688772,9.0,1.0986122886681098,0.0940478276166991,0.99640656122143,0.9857035362605344,-0.0071998213772491,0.0
H3K27me3_TDH_some/samples/ips/MS032901/problems/chr4:9324642-31820917,694048,1.1325940975366966,13,1,10.628140428053078,4.129917623483182,2.0,112.95736895841628,0,164,164,2.0,6.60287375540307,49.74920659806754,612796,128,1.0,2.0,3.0,0.9936260873827872,833.0954327086423,481702626304,13.450296401362332,2.5990011430810407,1.064234042650721,1.282769389774964,0.1245106632560316,-2.0833639181021857,3.605551275463989,169,2.5649493574615367,0.9419387347481112,1.0,1,0.0,0.0,3.26008288668449,112.95736895841624,2.363505240837476,0.8601457886540161,2.032219875772104,17.056219576756977,1.4182574608861702,0.3494289778390615,1.4142135623730951,4.0,0.6931471805599453,-0.3665129205816643,10.62814042805308,12759.367202007788,4.727010481674951,1.5532929692139616,0.0,0,-23.025850929940457,0.0,12.806248474865695,26896,5.099866427824199,1.6292143487645936,12.806248474865695,26896,5.099866427824199,1.6292143487645936,1.4142135623730951,4.0,0.6931471805599453,-0.3665129205816643,2.569605758750371,43.59794182979064,1.887504971751008,0.6352558361778428,7.0533117468369095,2474.983557137207,3.9069945156998975,1.3627684123606347,782.8128767464164,375518937616,13.32578736997207,2.5897010579851365,11.31370849898476,16384,4.852030263919617,1.5793972284736488,1.0,1.0,0.0,0.0940478276166991,1.4142135623730951,4.0,0.6931471805599453,-0.3665129205816643,1.7320508075688772,9.0,1.0986122886681098,0.0940478276166991,0.9968079490969096,0.9872928015276264,-0.0063943127301311,0.0
H3K27me3_TDH_some/samples/ips/MS032901/problems/chr5:49600000-91636128,1354411,1.1473780963030735,43,1,11.497265052026606,5.105670677314665,2.0,132.18710367655237,0,141,141,3.0,4.546814074597079,22.988303535872472,1180441,109,1.0,2.0,4.0,0.9943089984889556,1163.7916480195242,1834429156921,14.118877231445577,2.6475127127169427,1.0711573629971805,1.316476495876065,0.1374794231507737,-1.9842810228867165,6.557438524302,1849,3.7612001156935615,1.3247380861805318,1.0,1,0.0,0.0,3.3907617215054504,132.18710367655234,2.442109185522268,0.8928620862050632,2.259573118382024,26.06787306519079,1.630351819542757,0.4887958317388046,1.4142135623730951,4.0,0.6931471805599453,-0.3665129205816643,11.497265052026606,17473.430378395606,4.884218371044536,1.5860092667650083,0.0,0,-23.025850929940457,0.0,11.874342087037917,19881,4.948759890378168,1.599137017997089,11.874342087037917,19881,4.948759890378168,1.599137017997089,1.7320508075688772,9.0,1.0986122886681098,0.0940478276166991,2.1323259775646592,20.67351822895409,1.5144267843207182,0.4150370071807134,4.794611927557065,528.4620994574068,3.1349855446592643,1.142624563120271,1086.4810168613164,1393440954481,13.98139865543619,2.6377277786851563,10.44030650891055,11881,4.691347882229144,1.5457199360997629,1.0,1.0,0.0,0.0940478276166991,1.4142135623730951,4.0,0.6931471805599453,-0.3665129205816643,2.0,16.0,1.3862943611198906,0.3266342599782809,0.9971504392462331,0.98865038447611,-0.0057072569626812,0.0
H3K27me3_TDH_some/samples/ips/MS033001/problems/chr10:18024675-38818835,722172,1.3225382290998993,12,1,12.477928386870104,5.480127314115348,2.0,155.69869682785878,0,113,113,3.0,4.104510830166771,17.6405489954655,546051,99,1.0,2.0,4.0,0.993421348467289,849.8070369207353,521532397584,13.490018616650197,2.6019500502520847,1.150016621227667,1.7491073674306976,0.2795527910243223,-1.2745641275696165,3.4641016151377544,144,2.4849066497880004,0.910235093365326,1.0,1,0.0,0.0,3.532411129366188,155.69869682785875,2.523961354520828,0.9258296333576396,2.3409671749333327,30.031795378913102,1.7011283331928546,0.5312917563014391,1.4142135623730951,4.0,0.6931471805599453,-0.3665129205816643,12.477928386870104,24242.084193893483,5.047922709041655,1.6189768139175849,0.0,0,-23.025850929940457,0.0,10.63014581273465,12769,4.727387818712341,1.553372791752763,10.63014581273465,12769,4.727387818712341,1.553372791752763,1.7320508075688772,9.0,1.0986122886681098,0.0940478276166991,2.025959237044707,16.847009154956318,1.41208657141076,0.3450684483890178,4.200065356094534,311.1889688614189,2.8702001722862818,1.054381773780573,738.952637183196,298171694601,13.210467656958324,2.5810095196455576,9.9498743710662,9801,4.59511985013459,1.524994838195378,1.0,1.0,0.0,0.0940478276166991,1.4142135623730951,4.0,0.6931471805599453,-0.3665129205816643,2.0,16.0,1.3862943611198906,0.3266342599782809,0.9967052465334418,0.9868859755905668,-0.0066003862365094,0.0
H3K27me3_TDH_some/samples/ips/MS033001/problems/chr14:19050000-107289540,2976070,1.3170595920043615,44,1,10.610633045587765,4.924763003549692,2.0,112.58553362811904,0,128,128,3.0,4.39195158416661,21.82393098518737,2259633,113,1.0,2.0,4.0,0.9909506322076022,1725.1289806852124,8856992644900,14.90611419616387,2.7017714775172266,1.147632167553856,1.7346459688906952,0.2754016700323542,-1.2895246286814437,6.6332495807108,1936,3.784189633918261,1.3308317646057786,1.0,1,0.0,0.0,3.257396666908678,112.58553362811908,2.361856615840141,0.8594480113771727,2.219180705474363,24.25329064113178,1.594276152359533,0.4664198102559169,1.4142135623730951,4.0,0.6931471805599453,-0.3665129205816643,10.610633045587765,12675.502382328325,4.723713231680282,1.552595191937118,0.0,0,-23.025850929940457,0.0,11.31370849898476,16384,4.852030263919617,1.5793972284736488,11.31370849898476,16384,4.852030263919617,1.5793972284736488,1.7320508075688772,9.0,1.0986122886681098,0.0940478276166991,2.0956983523796096,19.2892387176636,1.4797736805049864,0.3918891575050739,4.671609035994704,476.2839636462214,3.083007119320429,1.12590545811978,1503.2075704971685,5105941294689,14.630712968681356,2.68312294717894,10.63014581273465,12769,4.727387818712341,1.553372791752763,1.0,1.0,0.0,0.0940478276166991,1.4142135623730951,4.0,0.6931471805599453,-0.3665129205816643,2.0,16.0,1.3862943611198906,0.3266342599782809,0.9954650331415976,0.9819831554726464,-0.0090905620306506,0.0
H3K27me3_TDH_some/samples/ips/MS033001/problems/chr3:60000-66170270,2321944,1.327762163584015,38,1,8.532375869386602,4.0184535838414055,2.0,72.80143797649076,0,108,108,3.0,5.5503994732355775,36.48234732401004,1748766,94,1.0,2.0,4.0,0.9858395940140212,1523.7926368111905,5391423939136,14.657915323808757,2.684980484696739,1.1522856258688707,1.762952363045305,0.2834949413283171,-1.2605609996126228,6.164414002968976,1444,3.6375861597263857,1.2913203187398077,1.0,1,0.0,0.0,2.9210230860755964,72.80143797649077,2.143867853715944,0.7626116059153337,2.004608087343111,16.147969205487836,1.390897147985887,0.3299489691477803,1.4142135623730951,4.0,0.6931471805599453,-0.3665129205816643,8.532375869386602,5300.049371444831,4.287735707431887,1.4557587864752788,0.0,0,-23.025850929940457,0.0,10.392304845413264,11664,4.68213122712422,1.5437533966819692,10.392304845413264,11664,4.68213122712422,1.5437533966819692,1.7320508075688772,9.0,1.0986122886681098,0.0940478276166991,2.35592857982486,30.806934312493777,1.713869902327675,0.5387539143354633,6.040061864253548,1330.9616662697026,3.596828508640709,1.2800524873580654,1322.4091651225046,3058182522756,14.374420954312397,2.6654503044329574,9.69535971483266,8836,4.543294782270004,1.5136524718106426,1.0,1.0,0.0,0.0940478276166991,1.4142135623730951,4.0,0.6931471805599453,-0.3665129205816643,2.0,16.0,1.3862943611198906,0.3266342599782809,0.9928945533207548,0.9718797051257302,-0.014261621169666,0.0
H3K27me3_TDH_some/samples/ips/MS033001/problems/chr3:93504854-194041961,3421603,1.3213026265384806,49,1,8.989019627777816,4.060445966104784,2.0,80.80247386857482,0,113,113,3.0,5.460351627132485,34.284910867061,2589569,99,1.0,2.0,4.0,0.987373654929498,1849.75755168076,11707367089609,15.045619712677244,2.7110868998403617,1.149479284954053,1.7458406308974876,0.2786180882802123,-1.2779132941151063,7.0,2401,3.8918202981106265,1.3588769911382217,1.0,1,0.0,0.0,2.99816937943436,80.80247386857484,2.196003791121843,0.7866392500218609,2.015054829552979,16.487221443656615,1.4012928114494188,0.3373952472653833,1.4142135623730951,4.0,0.6931471805599453,-0.3665129205816643,8.989019627777816,6529.039783281717,4.392007582243685,1.479786430581806,0.0,0,-23.025850929940457,0.0,10.63014581273465,12769,4.727387818712341,1.553372791752763,10.63014581273465,12769,4.727387818712341,1.553372791752763,1.7320508075688772,9.0,1.0986122886681098,0.0940478276166991,2.336739529158628,29.81543989192837,1.697513188256901,0.5291643496440396,5.855331832361084,1175.4551131623175,3.534705340968066,1.2626299411269717,1609.2137831873054,6705867605761,14.767002010561752,2.6923950976439777,9.9498743710662,9801,4.59511985013459,1.524994838195378,1.0,1.0,0.0,0.0940478276166991,1.4142135623730951,4.0,0.6931471805599453,-0.3665129205816643,2.0,16.0,1.3862943611198906,0.3266342599782809,0.9936667725799722,0.9749067344488356,-0.0127067347676317,0.0
H3K27me3_TDH_some/samples/ips/MS033001/problems/chr4:75452279-190000000,3930559,1.3234316787178344,42,1,11.278083873210203,4.790251503715855,2.0,127.1951758511641,0,125,125,3.0,4.7806292687929,24.94618257102387,2969976,110,1.0,2.0,4.0,0.9919310455385866,1982.563744246323,15449294052481,15.18429221291616,2.7202614864740267,1.15040500638594,1.7514714082339051,0.2802281196811234,-1.2721512943646267,6.48074069840786,1764,3.737669618283368,1.3184623205053283,1.0,1,0.0,0.0,3.3582858534094746,127.19517585116408,2.4228613622442143,0.8849492227992327,2.188664319560187,22.94650946885201,1.5665829160393918,0.4488967607717848,1.4142135623730951,4.0,0.6931471805599453,-0.3665129205816643,11.278083873210203,16178.612759808557,4.845722724488429,1.578096403359178,0.0,0,-23.025850929940457,0.0,11.180339887498947,15625,4.8283137373023015,1.5744972839952205,11.180339887498947,15625,4.8283137373023015,1.5744972839952205,1.7320508075688772,9.0,1.0986122886681098,0.0940478276166991,2.1864650165948003,22.85441620563934,1.5645721840297486,0.4476124217839173,4.994615357665079,622.312024866855,3.216720807325973,1.168362457834189,1723.3618308411037,8820757440576,14.90406442993815,2.7016339562863303,10.488088481701515,12100,4.700480365792417,1.5476647089811362,1.0,1.0,0.0,0.0940478276166991,1.4142135623730951,4.0,0.6931471805599453,-0.3665129205816643,2.0,16.0,1.3862943611198906,0.3266342599782809,0.9959573512648956,0.9839271991032736,-0.0081016846590138,0.0
H3K27me3_TDH_some/samples/ips/MS033001/problems/chr4:9324642-31820917,730872,1.3107178468182177,21,1,11.589442333754697,4.426916158697878,2.0,134.31517360742546,0,153,153,3.0,5.659388240572474,35.9495546218466,557613,135,1.0,2.0,4.0,0.992533206168282,854.910521633697,534173880384,13.501993620800487,2.6028373501562645,1.144865864116062,1.7179812739677849,0.270574961800161,-1.3072060959811602,4.58257569495584,441,3.044522437723423,1.1133440539599853,1.0,1,0.0,0.0,3.4043270015899907,134.31517360742552,2.450094540038277,0.8961266115828721,2.104023801837298,19.597586676140377,1.4877032149435772,0.3972334641947755,1.4142135623730951,4.0,0.6931471805599453,-0.3665129205816643,11.589442333754697,18040.56586119284,4.9001890800765535,1.5892737921428173,0.0,0,-23.025850929940457,0.0,12.36931687685298,23409,5.030437921392435,1.6155070422290247,12.36931687685298,23409,5.030437921392435,1.6155070422290247,1.7320508075688772,9.0,1.0986122886681098,0.0940478276166991,2.3789468763661943,32.02867525753,1.7333158016690091,0.5500362224463954,5.99579474480628,1292.3704775091323,3.582116695268244,1.275953881351368,746.7348927162839,310932257769,13.23142045236041,2.582594338377183,11.61895003862225,18225,4.90527477843843,1.590311111517258,1.0,1.0,0.0,0.0940478276166991,1.4142135623730951,4.0,0.6931471805599453,-0.3665129205816643,2.0,16.0,1.3862943611198906,0.3266342599782809,0.9962596078173008,0.9851221653466894,-0.0074948098839619,0.0
H3K27me3_TDH_some/samples/ips/MS033001/problems/chr5:49600000-91636128,1484737,1.3275711605831977,37,1,13.55093211556571,5.87554397538598,2.0,183.62776120067016,0,142,142,3.0,3.9836505470954937,16.45631858648452,1118387,126,1.0,2.0,4.0,0.9943407793837526,1218.4978457100365,2204443959169,14.210748210157,2.6539985944988507,1.1522027428292287,1.7624451864122184,0.2833510776563567,-1.2610685931044392,6.082762530298219,1369,3.610917912644224,1.2839620094543296,1.0,1,0.0,0.0,3.681159072298521,183.62776120067016,2.6064553357763875,0.9579911893709332,2.423952139664886,34.52201700669449,1.7707986472989496,0.5714306579829378,1.4142135623730951,4.0,0.6931471805599453,-0.3665129205816643,13.55093211556571,33719.15468357035,5.212910671552775,1.6511383699308784,0.0,0,-23.025850929940457,0.0,11.916375287812984,20164,4.955827057601261,1.60056406759735,11.916375287812984,20164,4.955827057601261,1.60056406759735,1.7320508075688772,9.0,1.0986122886681098,0.0940478276166991,1.995908451581759,15.869471681374227,1.3821986217927904,0.3236754355633809,4.056638828696057,270.8104214198759,2.80070951206144,1.0298727822463192,1057.538178979842,1250789481769,13.927398026645914,2.6338579811589367,11.224972160321824,15876,4.836281906951478,1.5761462244678353,1.0,1.0,0.0,0.0940478276166991,1.4142135623730951,4.0,0.6931471805599453,-0.3665129205816643,2.0,16.0,1.3862943611198906,0.3266342599782809,0.9971663749764894,0.9887135855454886,-0.0056752946783681,0.0
H3K27me3_TDH_some/samples/ips/MS033101/problems/chr10:18024675-38818835,639832,1.27560756793397,55,1,25.9822153197204,11.769505433709934,3.0,675.0755129203133,0,241,241,5.0,3.504573913758265,13.367066001172187,501591,241,1.0,3.0,6.0,0.998496711556331,799.8949931084704,409384988224,13.3689609208767,2.592935670881798,1.1294279826239342,1.627174667370418,0.2434225889787266,-1.412956296741795,7.416198487095663,3025,4.007333185232471,1.3881259789913998,1.0,1,0.0,0.0,5.097275283886519,675.0755129203134,3.257412277804247,1.1809331003539552,3.430671280334205,138.52125815412768,2.465511901163349,0.9023994537494237,1.7320508075688772,9.0,1.0986122886681098,0.0940478276166991,25.9822153197204,455726.948144624,6.514824555608493,1.8740802809139003,0.0,0,-23.025850929940457,0.0,15.524174696260024,58081,5.484796933490655,1.701980070888831,15.524174696260024,58081,5.484796933490655,1.701980070888831,2.23606797749979,25.0,1.6094379124341005,0.4758849953271105,1.87205072414138,12.282038316994925,1.2540689478353475,0.2263934230240948,3.656099834683428,178.67845347969342,2.5927939205975683,0.9527360281176632,708.230894553464,251593531281,13.125540325556146,2.574559975291743,15.524174696260024,58081,5.484796933490655,1.701980070888831,1.0,1.0,0.0,0.0940478276166991,1.7320508075688772,9.0,1.0986122886681098,0.0940478276166991,2.449489742783178,36.0,1.791759469228055,0.5831980807826592,0.9992480730811198,0.9969956829888068,-0.0015044195154349,0.0
H3K27me3_TDH_some/samples/ips/MS033101/problems/chr14:19050000-107289540,2805718,1.267148074766541,94,1,25.9819161111152,11.777441965495438,3.0,675.0599648050276,0,337,337,7.0,4.043065067843756,19.49755833853906,2214200,331,1.0,3.0,8.0,0.9985054863662944,1675.0277609639788,7872053495524,14.847170035663323,2.69780927709894,1.1256767185859984,1.6056642433845512,0.2367687648863091,-1.4406712897134455,9.69535971483266,8836,4.543294782270004,1.5136524718106426,1.0,1,0.0,0.0,5.097245933944643,675.0599648050277,3.2574007618374843,1.1809295650363052,3.431827787855247,138.70813925061304,2.466186004005768,0.9026728293128012,1.7320508075688772,9.0,1.0986122886681098,0.0940478276166991,25.9819161111152,455705.956082565,6.514801523674969,1.8740767455962504,0.0,0,-23.025850929940457,0.0,18.35755975068582,113569,5.820082930352362,1.7613145108432642,18.35755975068582,113569,5.820082930352362,1.7613145108432642,2.6457513110645907,49.0,1.9459101490553128,0.6657298105782764,2.010737443786174,16.346375142818435,1.3970030844800936,0.3343292882037356,4.415603960789403,380.15478116473406,2.9702892443215947,1.08865933673311,1488.0188170853216,4902681640000,14.610401722407504,2.6817337217848287,18.193405398660254,109561,5.802118375377063,1.758223088003504,1.0,1.0,0.0,0.0940478276166991,1.7320508075688772,9.0,1.0986122886681098,0.0940478276166991,2.8284271247461903,64.0,2.079441541679836,0.7320993680864453,0.9992524637779456,0.9970132063035902,-0.0014956315331557,0.0
H3K27me3_TDH_some/samples/ips/MS033101/problems/chr3:60000-66170270,1786412,1.2470790106926672,42,1,18.612149526830493,7.664792059633726,2.0,346.41211000909647,0,230,230,4.0,4.986512234568298,29.84187536514785,1432478,231,1.0,2.0,5.0,0.997272193616138,1336.567244847785,3191267833744,14.395719696906037,2.666930919126004,1.1167269185851425,1.5552060589102017,0.220804025310321,-1.5104797341732656,6.48074069840786,1764,3.737669618283368,1.3184623205053283,1.0,1,0.0,0.0,4.314180052667076,346.4121100090965,2.9238145678438814,1.0728891225865165,2.7685360860270047,58.74903731742421,2.036637383401809,0.7113001063769111,1.4142135623730951,4.0,0.6931471805599453,-0.3665129205816643,18.612149526830493,120001.34996095437,5.847629135687763,1.766036303146462,0.0,0,-23.025850929940457,0.0,15.1657508881031,52900,5.438079308923196,1.6934259303119472,15.1657508881031,52900,5.438079308923196,1.6934259303119472,2.0,16.0,1.3862943611198906,0.3266342599782809,2.2330499847894805,24.86530426549933,1.6067367143949884,0.4742052366151812,5.462771765793245,890.5375253090181,3.3959126207182493,1.222572538058669,1196.861729691446,2051993220484,14.174916369686956,2.6514739497506943,15.198684153570664,53361,5.442417710521793,1.6942233942183775,1.0,1.0,0.0,0.0940478276166991,1.4142135623730951,4.0,0.6931471805599453,-0.3665129205816643,2.23606797749979,25.0,1.6094379124341005,0.4758849953271105,0.9986351654213554,0.9945518281599436,-0.0027315336273714,0.0
H3K27me3_TDH_some/samples/ips/MS033101/problems/chr3:93504854-194041961,2373634,1.2589411065220977,99,1,21.86330182714047,8.727942603830867,2.0,478.0039667846438,0,246,246,4.0,4.525354912296617,23.688559376097096,1885422,246,1.0,2.0,5.0,0.9979400283885882,1540.6602480754802,5634138365956,14.679932672089391,2.68648143680592,1.1220254482506613,1.5849327096910837,0.2302709759872265,-1.4684985070744354,9.9498743710662,9801,4.59511985013459,1.524994838195378,1.0,1,0.0,0.0,4.6758209789448175,478.0039667846439,3.084809515584833,1.1264899100976518,2.9543091584718866,76.17698209576594,2.1665296724127754,0.7731266581173195,1.4142135623730951,4.0,0.6931471805599453,-0.3665129205816643,21.86330182714047,228487.7922618549,6.169619031169666,1.819637090657597,0.0,0,-23.025850929940457,0.0,15.684387141358124,60516,5.5053315359323625,1.7057169928720943,15.684387141358124,60516,5.5053315359323625,1.7057169928720943,2.0,16.0,1.3862943611198906,0.3266342599782809,2.1272881592056625,20.47883708224712,1.509696007732842,0.4119083111771421,4.867089415256011,561.1478453148776,3.164992204844062,1.1521505926686395,1373.1066965097796,3554816118084,14.449662226487543,2.670671038955652,15.684387141358124,60516,5.5053315359323625,1.7057169928720943,1.0,1.0,0.0,0.0940478276166991,1.4142135623730951,4.0,0.6931471805599453,-0.3665129205816643,2.23606797749979,25.0,1.6094379124341005,0.4758849953271105,0.9989694832118688,0.9958843002602162,-0.0020620962712591,0.0
H3K27me3_TDH_some/samples/ips/MS033101/problems/chr4:75452279-190000000,2546648,1.2812807534791053,79,1,29.228500441935847,12.004892882352973,2.0,854.3052380842439,0,260,260,4.0,3.606576370552058,13.864555865481975,1987581,261,1.0,2.0,5.0,0.9987915923975051,1595.8220452168218,6485416035904,14.750288542604798,2.691262644804986,1.13193672680018,1.6416803692359838,0.2478601663319199,-1.3948905372735774,8.888194417315589,6241,4.3694478524670215,1.4746366515748413,1.0,1,0.0,0.0,5.406338912973904,854.305238084244,3.375144275786492,1.21643807179199,3.4648077698990707,144.11745311676907,2.4853143068806367,0.9103991331925708,1.4142135623730951,4.0,0.6931471805599453,-0.3665129205816643,29.228500441935847,729837.4398181767,6.750288551572984,1.9095852523519352,0.0,0,-23.025850929940457,0.0,16.1245154965971,67600,5.560681631015528,1.7157206962546658,16.1245154965971,67600,5.560681631015528,1.7157206962546658,2.0,16.0,1.3862943611198906,0.3266342599782809,1.89909883117021,13.007393116624456,1.2827589485455262,0.2490131868791603,3.723513913695231,192.22590934707063,2.6293356457729984,0.966731208109398,1409.815945434013,3950478231561,14.502428879397154,2.6743161443224173,16.15549442140351,68121,5.564520407322694,1.7164108008381669,1.0,1.0,0.0,0.0940478276166991,1.4142135623730951,4.0,0.6931471805599453,-0.3665129205816643,2.23606797749979,25.0,1.6094379124341005,0.4758849953271105,0.9993956135572664,0.997584645043944,-0.0012091383156873,0.0
H3K27me3_TDH_some/samples/ips/MS033101/problems/chr4:9324642-31820917,536842,1.267954992064092,80,1,30.416194054566763,10.413277971057624,2.0,925.1448607650624,0,305,305,4.0,4.659666662908998,23.44490891671712,423393,302,1.0,2.0,5.0,0.9989065936334152,732.6950252321903,288199332964,13.193459103009609,2.579721184281207,1.1260350758586928,1.6077098619002517,0.237405360167471,-1.4379862184284764,8.94427190999916,6400,4.382026634673881,1.4775113193551406,1.0,1,0.0,0.0,5.515087855561937,925.1448607650624,3.4149751657417244,1.2281702208855427,3.2269611046707123,108.436358102514,2.343081719809501,0.8514670371971957,1.4142135623730951,4.0,0.6931471805599453,-0.3665129205816643,30.416194054566763,855893.0134000067,6.829950331483449,1.921317401445488,0.0,0,-23.025850929940457,0.0,17.46424919657298,93025,5.720311776607412,1.744023310306184,17.46424919657298,93025,5.720311776607412,1.744023310306184,2.0,16.0,1.3862943611198906,0.3266342599782809,2.158626105398755,21.71249340942548,1.5389439140144574,0.4310964110571697,4.841994311925316,549.663754113162,3.154653367557126,1.148878622305026,650.6865604882277,179261632449,12.956056104716758,2.561563331703902,17.378147196982766,91204,5.71042701737487,1.742293805000424,1.0,1.0,0.0,0.0940478276166991,1.4142135623730951,4.0,0.6931471805599453,-0.3665129205816643,2.23606797749979,25.0,1.6094379124341005,0.4758849953271105,0.999453147292766,0.9978143828043128,-0.0010940045714198,0.0
H3K27me3_TDH_some/samples/ips/MS033101/problems/chr5:49600000-91636128,1048964,1.286849759734819,55,1,30.86639198279176,13.822347517365072,2.0,952.7341540353516,0,265,265,5.0,3.1990365596079573,10.772677706469754,815142,265,1.0,2.0,6.0,0.9989000344779052,1024.1894356026137,1100325473296,13.863313568391067,2.629246039386565,1.134394005509029,1.6559823041295614,0.2521971849969363,-1.3775440173021272,7.416198487095663,3025,4.007333185232471,1.3881259789913998,1.0,1,0.0,0.0,5.555753052718575,952.7341540353516,3.429667953898804,1.2324634500483052,3.71784178218561,191.0572908908084,2.626286667688914,0.965570935074432,1.4142135623730951,4.0,0.6931471805599453,-0.3665129205816643,30.86639198279176,907702.3682654572,6.859335907797608,1.9256106306082503,0.0,0,-23.025850929940457,0.0,16.278820596099706,70225,5.579729825986222,1.7191403569389776,16.278820596099706,70225,5.579729825986222,1.7191403569389776,2.23606797749979,25.0,1.6094379124341005,0.4758849953271105,1.7885850719515572,10.233834909708316,1.1628496893509537,0.1508736212895367,3.282175758010188,116.05058496747044,2.3770130866790344,0.8658446939072996,902.8521473641184,664456480164,13.611117610175006,2.6108869301306936,16.278820596099706,70225,5.579729825986222,1.7191403569389776,1.0,1.0,0.0,0.0940478276166991,1.4142135623730951,4.0,0.6931471805599453,-0.3665129205816643,2.449489742783178,36.0,1.791759469228055,0.5831980807826592,0.999449865915197,0.9978012788799602,-0.0011005709281609,0.0
